-- phpMyAdmin SQL Dump
-- version 5.2.1
-- https://www.phpmyadmin.net/
--
-- Host: 127.0.0.1
-- Generation Time: Feb 18, 2026 at 06:35 AM
-- Server version: 10.4.32-MariaDB
-- PHP Version: 8.0.30

SET SQL_MODE = "NO_AUTO_VALUE_ON_ZERO";
START TRANSACTION;
SET time_zone = "+00:00";


/*!40101 SET @OLD_CHARACTER_SET_CLIENT=@@CHARACTER_SET_CLIENT */;
/*!40101 SET @OLD_CHARACTER_SET_RESULTS=@@CHARACTER_SET_RESULTS */;
/*!40101 SET @OLD_COLLATION_CONNECTION=@@COLLATION_CONNECTION */;
/*!40101 SET NAMES utf8mb4 */;

--
-- Database: `procurement_db`
--

-- --------------------------------------------------------

--
-- Table structure for table `categories`
--

CREATE TABLE `categories` (
  `id` int(11) NOT NULL,
  `category_name` varchar(100) NOT NULL,
  `description` text DEFAULT NULL,
  `status` enum('Active','Inactive') DEFAULT 'Active',
  `created_by` int(11) DEFAULT NULL,
  `created_at` timestamp NOT NULL DEFAULT current_timestamp()
) ENGINE=InnoDB DEFAULT CHARSET=utf8mb4 COLLATE=utf8mb4_unicode_ci;

--
-- Dumping data for table `categories`
--

INSERT INTO `categories` (`id`, `category_name`, `description`, `status`, `created_by`, `created_at`) VALUES
(1, 'Electronics', 'Electronic components and devices', 'Active', NULL, '2026-02-09 08:25:53'),
(2, 'Office Supplies', 'General office supplies and stationery', 'Active', NULL, '2026-02-09 08:25:53'),
(3, 'Safety Equipment', 'Personal protective equipment and safety gear', 'Active', NULL, '2026-02-09 08:25:53'),
(4, 'Tools', 'Hand tools and power tools', 'Active', NULL, '2026-02-09 08:25:53'),
(5, 'Raw Materials', 'Raw materials for production', 'Active', NULL, '2026-02-09 08:25:53'),
(6, 'test', '', 'Active', NULL, '2026-02-09 08:38:36');

-- --------------------------------------------------------

--
-- Table structure for table `disbursement_vouchers`
--

CREATE TABLE `disbursement_vouchers` (
  `id` int(11) NOT NULL,
  `dv_number` varchar(50) NOT NULL COMMENT 'Format: YYYY-MM-001 (incremental starting from 001)',
  `purchase_order_id` int(11) NOT NULL,
  `purchase_request_id` int(11) NOT NULL,
  `supplier_id` int(11) NOT NULL,
  `prepared_by` int(11) NOT NULL COMMENT 'Employee who created the DV',
  `amount` decimal(12,2) NOT NULL DEFAULT 0.00 COMMENT 'Total amount from PO',
  `dv_date` date NOT NULL COMMENT 'Date when DV was created',
  `particulars` text DEFAULT NULL COMMENT 'Payment particulars/description',
  `project` varchar(100) DEFAULT NULL,
  `pr_number` varchar(50) DEFAULT NULL COMMENT 'Reference to PR number',
  `check_number` varchar(50) DEFAULT NULL COMMENT 'Check number when payment is processed',
  `bank_name` varchar(100) DEFAULT NULL,
  `payment_date` date DEFAULT NULL,
  `received_by` varchar(255) DEFAULT NULL COMMENT 'Person who received payment',
  `received_date` date DEFAULT NULL,
  `status` enum('Draft','Pending','Paid','Cancelled') DEFAULT 'Draft',
  `certified_by_accounting` int(11) DEFAULT NULL COMMENT 'Employee who certified availability of funds',
  `certified_by_manager` int(11) DEFAULT NULL COMMENT 'General Manager who approved the DV',
  `created_at` timestamp NOT NULL DEFAULT current_timestamp(),
  `updated_at` timestamp NOT NULL DEFAULT current_timestamp() ON UPDATE current_timestamp()
) ENGINE=InnoDB DEFAULT CHARSET=utf8mb4 COLLATE=utf8mb4_unicode_ci;

--
-- Dumping data for table `disbursement_vouchers`
--

INSERT INTO `disbursement_vouchers` (`id`, `dv_number`, `purchase_order_id`, `purchase_request_id`, `supplier_id`, `prepared_by`, `amount`, `dv_date`, `particulars`, `project`, `pr_number`, `check_number`, `bank_name`, `payment_date`, `received_by`, `received_date`, `status`, `certified_by_accounting`, `certified_by_manager`, `created_at`, `updated_at`) VALUES
(1, '2026-02-001', 5, 13, 2, 7, 0.00, '2026-02-18', 'Payment for the procurement of materials', 'BCDA - CCTV', 'MTN-2026-02-003', NULL, NULL, '2026-02-20', NULL, NULL, 'Draft', NULL, NULL, '2026-02-18 01:16:23', '2026-02-18 01:16:23'),
(2, '2026-02-002', 6, 11, 3, 7, 812.00, '2026-02-18', 'Payment for the procurement of materials', 'BCDA - CCTV', 'MTN-2026-02-001', NULL, NULL, '2026-02-25', NULL, NULL, 'Draft', NULL, NULL, '2026-02-18 02:13:29', '2026-02-18 02:13:29'),
(3, '2026-02-003', 7, 12, 2, 7, 12.00, '2026-02-18', 'Payment for the procurement of materials', 'BCDA - CCA', 'MTN-2026-02-002', NULL, NULL, NULL, NULL, NULL, 'Draft', NULL, NULL, '2026-02-18 02:16:54', '2026-02-18 02:16:54');

-- --------------------------------------------------------

--
-- Table structure for table `employees`
--

CREATE TABLE `employees` (
  `id` int(11) NOT NULL,
  `employee_no` varchar(20) NOT NULL,
  `first_name` varchar(50) NOT NULL,
  `middle_initial` varchar(2) NOT NULL,
  `last_name` varchar(50) NOT NULL,
  `role` enum('engineer','procurement','admin','super_admin') DEFAULT 'engineer',
  `department` varchar(50) DEFAULT NULL,
  `password` varchar(255) NOT NULL,
  `is_active` tinyint(1) DEFAULT 1,
  `created_at` timestamp NOT NULL DEFAULT current_timestamp(),
  `updated_at` timestamp NOT NULL DEFAULT current_timestamp() ON UPDATE current_timestamp()
) ENGINE=InnoDB DEFAULT CHARSET=utf8mb4 COLLATE=utf8mb4_unicode_ci;

--
-- Dumping data for table `employees`
--

INSERT INTO `employees` (`id`, `employee_no`, `first_name`, `middle_initial`, `last_name`, `role`, `department`, `password`, `is_active`, `created_at`, `updated_at`) VALUES
(5, 'ENG-2026-0001', 'Michelle', 'T', 'Norial', 'engineer', 'Engineering', '$2a$10$te379KJk9Z8nAgG9hr1Ct.HuvvOC2sSt.i7YTr7IQEBfp1e2FylBK', 1, '2026-02-10 02:36:33', '2026-02-12 02:21:26'),
(6, 'PRO-2026-0001', 'Junnel', 'B', 'Tadina', 'procurement', 'Procurement', '$2a$10$gqG3xZE0xaT/aA5BvUMpJeVQ3vbYoOoiqS2QP7HBC3XZwm.4qusQu', 1, '2026-02-10 02:36:33', '2026-02-11 04:13:17'),
(7, 'ADMIN-2026-0001', 'Elain', 'M', 'Torres', 'admin', 'Administration', '$2a$10$gqG3xZE0xaT/aA5BvUMpJeVQ3vbYoOoiqS2QP7HBC3XZwm.4qusQu', 1, '2026-02-10 02:36:33', '2026-02-12 02:48:40'),
(8, 'SA-2026-004', 'Marc', 'J', 'Arzadon', 'super_admin', 'Management', '$2a$10$Uy/JQQbCOdM1GlMIBBtW1unfNIesn.J5kulNtx1XaR2NcKDAtmyWS', 1, '2026-02-10 02:36:33', '2026-02-12 00:51:44'),
(9, 'ENG-2026-0002', 'John Kennedy', 'K', 'Lucas', 'engineer', 'Engineering', '$2a$10$5WmbWmSvEq3gBe8cdW3RPefxhH6mQebKZ5/FYQ9FZd0WgLJdp6hDe', 1, '2026-02-10 04:42:55', '2026-02-11 04:13:26'),
(10, 'SA001', 'Super', 'D', 'Adminesu', 'super_admin', 'Management', '$2a$10$2VAa8J7EZDnfspG1/t4G1ez6MXGEnf3DLiPNqcJEm4ypE0p9RATNq', 1, '2026-02-12 00:55:00', '2026-02-12 02:48:05'),
(11, 'ENG-2026-0003', 'Julius John', 'F', 'Echague', 'engineer', 'Engineering', '$2a$10$SgSe2J/dqlMH.uPUVkXYQePzJfBd744bL2THGSA3x1B6Wm53oJlMC', 1, '2026-02-12 02:44:49', '2026-02-12 02:50:14'),
(12, 'ENG-2026-0005', 'Joylene', 'F', 'Balanon', 'engineer', 'Engineering', '$2a$10$fFUgVn7r1fE8YPLnwcTDZOhWhEhjxY1gg3rULIps0uoMBVsBE95W.', 1, '2026-02-12 02:45:21', '2026-02-12 02:50:16'),
(13, 'ENG-2026-0006', 'Winnielyn Kaye', 'W', 'Olarte', 'engineer', 'Procurement', '$2a$10$.GDmwlv/XvEmPJzt3oIb0.39RVYiJMsxBwcTaMbmFInk3th76KpIu', 1, '2026-02-12 02:45:41', '2026-02-12 02:54:11'),
(14, 'ADMIN-2026-0002', 'Ronalyn', 'W', 'Mallare', 'admin', 'Administration', '$2a$10$zZXZI/tYRPS37ZQVDeThpeaBi5uCv1P1e1EsBkScqRmt/1.iZPFWK', 1, '2026-02-12 02:46:45', '2026-02-12 02:50:21'),
(15, 'ADMIN-2026-0003', 'Admin', 'G', 'Charisse', 'admin', 'Administration', '$2a$10$a1JGadOlyuKzlNVK.ydC0ucBTKkg8c8u1CyNBmlLRDI.SzKKYXtOK', 1, '2026-02-12 02:47:14', '2026-02-12 02:50:24'),
(16, 'ADMIN-2026-0004', 'Marjorie', 'O', 'Garcia', 'admin', 'Administration', '$2a$10$pj5HrIzaIYIkWlCbcOy9sOBNxrQitgV2.Umuh.wldfJWEYy5t0Ta6', 1, '2026-02-12 02:47:46', '2026-02-12 02:50:28');

-- --------------------------------------------------------

--
-- Table structure for table `items`
--

CREATE TABLE `items` (
  `id` int(11) NOT NULL,
  `item_code` varchar(50) NOT NULL,
  `item_name` varchar(255) NOT NULL,
  `description` text DEFAULT NULL,
  `category_id` int(11) DEFAULT NULL,
  `unit` varchar(50) NOT NULL,
  `created_by` int(11) DEFAULT NULL,
  `status` enum('Active','Inactive') DEFAULT 'Active',
  `created_at` timestamp NOT NULL DEFAULT current_timestamp(),
  `updated_at` timestamp NOT NULL DEFAULT current_timestamp() ON UPDATE current_timestamp()
) ENGINE=InnoDB DEFAULT CHARSET=utf8mb4 COLLATE=utf8mb4_unicode_ci;

--
-- Dumping data for table `items`
--

INSERT INTO `items` (`id`, `item_code`, `item_name`, `description`, `category_id`, `unit`, `created_by`, `status`, `created_at`, `updated_at`) VALUES
(1, 'ITM001', 'Laptop Dell Latitude', 'Business laptop 15.6 inch', 1, 'pcs', NULL, 'Active', '2026-02-09 08:25:53', '2026-02-09 08:25:53'),
(2, 'ITM002', 'A4 Paper (Ream)', 'Premium quality A4 paper', 2, 'reams', NULL, 'Active', '2026-02-09 08:25:53', '2026-02-09 08:25:53'),
(3, 'ITM003', 'Safety Helmet', 'Hard hat for construction', 3, 'pcs', NULL, 'Active', '2026-02-09 08:25:53', '2026-02-09 08:25:53'),
(4, 'ITM004', 'Cordless Drill', '18V cordless drill driver', 4, 'pcs', NULL, 'Active', '2026-02-09 08:25:53', '2026-02-09 08:25:53'),
(5, 'ITM005', 'Steel Rod 10mm', 'Mild steel reinforcement rod', 5, 'meters', NULL, 'Active', '2026-02-09 08:25:53', '2026-02-09 08:25:53'),
(6, 'ITM006', 'Brother Printer', 'Printer for office', 1, 'pcs', NULL, 'Active', '2026-02-09 08:37:53', '2026-02-12 02:38:15'),
(7, 'ITM007', 'Office Chair', 'Chair for office', 6, 'pcs', NULL, 'Active', '2026-02-09 08:38:37', '2026-02-12 02:38:42');

-- --------------------------------------------------------

--
-- Table structure for table `notifications`
--

CREATE TABLE `notifications` (
  `id` int(11) NOT NULL,
  `recipient_id` int(11) NOT NULL,
  `title` varchar(255) NOT NULL,
  `message` text NOT NULL,
  `type` enum('PR Created','PR Approved','PR Rejected','PO Created','Item Received','System') DEFAULT 'System',
  `related_id` int(11) DEFAULT NULL COMMENT 'ID of related record (PR, PO, etc.)',
  `related_type` varchar(50) DEFAULT NULL COMMENT 'Type of related record',
  `is_read` tinyint(1) DEFAULT 0,
  `created_at` timestamp NOT NULL DEFAULT current_timestamp()
) ENGINE=InnoDB DEFAULT CHARSET=utf8mb4 COLLATE=utf8mb4_unicode_ci;

--
-- Dumping data for table `notifications`
--

INSERT INTO `notifications` (`id`, `recipient_id`, `title`, `message`, `type`, `related_id`, `related_type`, `is_read`, `created_at`) VALUES
(101, 6, 'New PR Created', 'Purchase Request MTN-2026-02-001 has been created and is ready for your review', 'PR Created', 11, 'purchase_request', 1, '2026-02-16 06:46:06'),
(102, 6, 'New PR Created', 'Purchase Request MTN-2026-02-002 has been created and is ready for your review', 'PR Created', 12, 'purchase_request', 1, '2026-02-16 07:02:45'),
(103, 8, 'PR Pending Final Approval', 'Purchase Request MTN-2026-02-002 has been reviewed by Procurement and requires your final approval', 'PR Approved', 12, 'purchase_request', 1, '2026-02-16 07:12:56'),
(104, 10, 'PR Pending Final Approval', 'Purchase Request MTN-2026-02-002 has been reviewed by Procurement and requires your final approval', 'PR Approved', 12, 'purchase_request', 0, '2026-02-16 07:12:56'),
(105, 8, 'PR Pending Final Approval', 'Purchase Request MTN-2026-02-001 has been reviewed by Procurement and requires your final approval', 'PR Approved', 11, 'purchase_request', 1, '2026-02-16 07:13:11'),
(106, 10, 'PR Pending Final Approval', 'Purchase Request MTN-2026-02-001 has been reviewed by Procurement and requires your final approval', 'PR Approved', 11, 'purchase_request', 0, '2026-02-16 07:13:11'),
(107, 5, 'PR On Hold', 'Your Purchase Request MTN-2026-02-002 has been placed on hold by Super Admin', '', 12, 'purchase_request', 1, '2026-02-16 07:22:57'),
(108, 5, 'PR Rejected', 'Your Purchase Request MTN-2026-02-002 has been rejected: njk', 'PR Rejected', 12, 'purchase_request', 1, '2026-02-16 08:05:11'),
(109, 8, 'PR Pending Final Approval', 'Purchase Request MTN-2026-02-002 has been reviewed by Procurement and requires your final approval', 'PR Approved', 12, 'purchase_request', 1, '2026-02-16 08:05:34'),
(110, 10, 'PR Pending Final Approval', 'Purchase Request MTN-2026-02-002 has been reviewed by Procurement and requires your final approval', 'PR Approved', 12, 'purchase_request', 0, '2026-02-16 08:05:34'),
(111, 5, 'PR Rejected', 'Your Purchase Request MTN-2026-02-002 has been rejected: fgvfdg', 'PR Rejected', 12, 'purchase_request', 1, '2026-02-16 08:05:42'),
(112, 6, 'New PR Created', 'Purchase Request MTN-2026-02-003 has been created and is ready for your review', 'PR Created', 13, 'purchase_request', 1, '2026-02-16 08:29:26'),
(113, 8, 'PR Pending Final Approval', 'Purchase Request MTN-2026-02-003 has been reviewed by Procurement and requires your final approval', 'PR Approved', 13, 'purchase_request', 1, '2026-02-16 08:29:34'),
(114, 10, 'PR Pending Final Approval', 'Purchase Request MTN-2026-02-003 has been reviewed by Procurement and requires your final approval', 'PR Approved', 13, 'purchase_request', 0, '2026-02-16 08:29:34'),
(115, 8, 'PR Pending Final Approval', 'Purchase Request MTN-2026-02-002 has been reviewed by Procurement and requires your final approval', 'PR Approved', 12, 'purchase_request', 1, '2026-02-16 08:36:38'),
(116, 10, 'PR Pending Final Approval', 'Purchase Request MTN-2026-02-002 has been reviewed by Procurement and requires your final approval', 'PR Approved', 12, 'purchase_request', 0, '2026-02-16 08:36:38'),
(117, 5, 'PR Values Modified by Procurement', 'Procurement modified values in your PR MTN-2026-02-002: undefined: unit price from ₱0.00 to ₱5; undefined: unit price from ₱0.00 to ₱7', '', 12, 'purchase_request', 1, '2026-02-16 08:36:38'),
(118, 5, 'PR Fully Approved', 'Your Purchase Request MTN-2026-02-003 has been fully approved and is ready for purchase', 'PR Approved', 13, 'purchase_request', 0, '2026-02-18 00:00:20'),
(119, 7, 'PR Ready for PO Creation', 'Purchase Request MTN-2026-02-003 has been approved and is ready for PO creation', 'PR Approved', 13, 'purchase_request', 1, '2026-02-18 00:00:20'),
(120, 14, 'PR Ready for PO Creation', 'Purchase Request MTN-2026-02-003 has been approved and is ready for PO creation', 'PR Approved', 13, 'purchase_request', 0, '2026-02-18 00:00:20'),
(121, 15, 'PR Ready for PO Creation', 'Purchase Request MTN-2026-02-003 has been approved and is ready for PO creation', 'PR Approved', 13, 'purchase_request', 0, '2026-02-18 00:00:20'),
(122, 16, 'PR Ready for PO Creation', 'Purchase Request MTN-2026-02-003 has been approved and is ready for PO creation', 'PR Approved', 13, 'purchase_request', 0, '2026-02-18 00:00:20'),
(123, 5, 'PR Fully Approved', 'Your Purchase Request MTN-2026-02-002 has been fully approved and is ready for purchase', 'PR Approved', 12, 'purchase_request', 0, '2026-02-18 00:04:16'),
(124, 7, 'PR Ready for PO Creation', 'Purchase Request MTN-2026-02-002 has been approved and is ready for PO creation', 'PR Approved', 12, 'purchase_request', 1, '2026-02-18 00:04:16'),
(125, 14, 'PR Ready for PO Creation', 'Purchase Request MTN-2026-02-002 has been approved and is ready for PO creation', 'PR Approved', 12, 'purchase_request', 0, '2026-02-18 00:04:16'),
(126, 15, 'PR Ready for PO Creation', 'Purchase Request MTN-2026-02-002 has been approved and is ready for PO creation', 'PR Approved', 12, 'purchase_request', 0, '2026-02-18 00:04:16'),
(127, 16, 'PR Ready for PO Creation', 'Purchase Request MTN-2026-02-002 has been approved and is ready for PO creation', 'PR Approved', 12, 'purchase_request', 0, '2026-02-18 00:04:16'),
(128, 5, 'PR Fully Approved', 'Your Purchase Request MTN-2026-02-001 has been fully approved and is ready for purchase', 'PR Approved', 11, 'purchase_request', 0, '2026-02-18 00:04:17'),
(129, 7, 'PR Ready for PO Creation', 'Purchase Request MTN-2026-02-001 has been approved and is ready for PO creation', 'PR Approved', 11, 'purchase_request', 1, '2026-02-18 00:04:17'),
(130, 14, 'PR Ready for PO Creation', 'Purchase Request MTN-2026-02-001 has been approved and is ready for PO creation', 'PR Approved', 11, 'purchase_request', 0, '2026-02-18 00:04:17'),
(131, 15, 'PR Ready for PO Creation', 'Purchase Request MTN-2026-02-001 has been approved and is ready for PO creation', 'PR Approved', 11, 'purchase_request', 0, '2026-02-18 00:04:17'),
(132, 16, 'PR Ready for PO Creation', 'Purchase Request MTN-2026-02-001 has been approved and is ready for PO creation', 'PR Approved', 11, 'purchase_request', 0, '2026-02-18 00:04:17'),
(133, 8, 'New PO Pending Approval', 'Purchase Order ETN-2026-02-001 has been created and requires your approval', 'PO Created', 5, 'purchase_order', 1, '2026-02-18 00:05:05'),
(134, 10, 'New PO Pending Approval', 'Purchase Order ETN-2026-02-001 has been created and requires your approval', 'PO Created', 5, 'purchase_order', 0, '2026-02-18 00:05:05'),
(135, 5, 'PO Approved - Order Placed', 'Your Purchase Order has been approved and placed. Related PR: MTN-2026-02-003', 'PO Created', 5, 'purchase_order', 0, '2026-02-18 01:13:18'),
(136, 8, 'New PO Pending Approval', 'Purchase Order ETN-2026-02-002 has been created and requires your approval', 'PO Created', 6, 'purchase_order', 0, '2026-02-18 02:12:49'),
(137, 10, 'New PO Pending Approval', 'Purchase Order ETN-2026-02-002 has been created and requires your approval', 'PO Created', 6, 'purchase_order', 0, '2026-02-18 02:12:49'),
(138, 5, 'PO Approved - Order Placed', 'Your Purchase Order has been approved and placed. Related PR: MTN-2026-02-001', 'PO Created', 6, 'purchase_order', 0, '2026-02-18 02:13:17'),
(139, 8, 'New PO Pending Approval', 'Purchase Order ETN-2026-02-003 has been created and requires your approval', 'PO Created', 7, 'purchase_order', 0, '2026-02-18 02:16:46'),
(140, 10, 'New PO Pending Approval', 'Purchase Order ETN-2026-02-003 has been created and requires your approval', 'PO Created', 7, 'purchase_order', 0, '2026-02-18 02:16:46');

-- --------------------------------------------------------

--
-- Table structure for table `po_attachments`
--

CREATE TABLE `po_attachments` (
  `id` int(11) NOT NULL,
  `purchase_order_id` int(11) NOT NULL,
  `file_path` varchar(500) NOT NULL COMMENT 'Relative path to file storage',
  `file_name` varchar(255) NOT NULL COMMENT 'Original file name',
  `file_size` int(11) DEFAULT NULL COMMENT 'File size in bytes',
  `mime_type` varchar(100) DEFAULT NULL,
  `uploaded_by` int(11) NOT NULL,
  `uploaded_at` timestamp NOT NULL DEFAULT current_timestamp()
) ENGINE=InnoDB DEFAULT CHARSET=utf8mb4 COLLATE=utf8mb4_unicode_ci;

--
-- Dumping data for table `po_attachments`
--

INSERT INTO `po_attachments` (`id`, `purchase_order_id`, `file_path`, `file_name`, `file_size`, `mime_type`, `uploaded_by`, `uploaded_at`) VALUES
(3, 5, '/uploads/receipts/po_5_1771374491648-315024968_8439d346-5e20-4d55-8e34-0a9bf9baa68f.jpg', '8439d346-5e20-4d55-8e34-0a9bf9baa68f.jpg', 28874, 'image/jpeg', 8, '2026-02-18 00:28:11');

-- --------------------------------------------------------

--
-- Table structure for table `pr_item_rejection_remarks`
--

CREATE TABLE `pr_item_rejection_remarks` (
  `id` int(11) NOT NULL,
  `purchase_request_id` int(11) NOT NULL,
  `purchase_request_item_id` int(11) NOT NULL,
  `item_id` int(11) NOT NULL,
  `remark` text NOT NULL,
  `created_by` int(11) DEFAULT NULL,
  `created_at` timestamp NOT NULL DEFAULT current_timestamp()
) ENGINE=InnoDB DEFAULT CHARSET=utf8mb4 COLLATE=utf8mb4_unicode_ci;

--
-- Dumping data for table `pr_item_rejection_remarks`
--

INSERT INTO `pr_item_rejection_remarks` (`id`, `purchase_request_id`, `purchase_request_item_id`, `item_id`, `remark`, `created_by`, `created_at`) VALUES
(5, 12, 108, 2, 'gfdgfd', 8, '2026-02-16 08:05:42'),
(6, 12, 109, 6, 'dgfd', 8, '2026-02-16 08:05:42');

-- --------------------------------------------------------

--
-- Table structure for table `purchase_orders`
--

CREATE TABLE `purchase_orders` (
  `id` int(11) NOT NULL,
  `po_number` varchar(50) NOT NULL,
  `purchase_request_id` int(11) NOT NULL,
  `supplier_id` int(11) NOT NULL,
  `prepared_by` int(11) NOT NULL,
  `total_amount` decimal(10,2) DEFAULT 0.00,
  `po_date` date NOT NULL,
  `expected_delivery_date` date DEFAULT NULL,
  `actual_delivery_date` date DEFAULT NULL,
  `status` enum('Draft','Ordered','Delivered','Cancelled') DEFAULT 'Draft',
  `created_at` timestamp NOT NULL DEFAULT current_timestamp(),
  `updated_at` timestamp NOT NULL DEFAULT current_timestamp() ON UPDATE current_timestamp(),
  `place_of_delivery` varchar(255) DEFAULT NULL,
  `delivery_term` varchar(50) DEFAULT 'COD',
  `payment_term` varchar(50) DEFAULT 'CASH',
  `project` varchar(100) DEFAULT NULL,
  `notes` text DEFAULT NULL
) ENGINE=InnoDB DEFAULT CHARSET=utf8mb4 COLLATE=utf8mb4_unicode_ci;

--
-- Dumping data for table `purchase_orders`
--

INSERT INTO `purchase_orders` (`id`, `po_number`, `purchase_request_id`, `supplier_id`, `prepared_by`, `total_amount`, `po_date`, `expected_delivery_date`, `actual_delivery_date`, `status`, `created_at`, `updated_at`, `place_of_delivery`, `delivery_term`, `payment_term`, `project`, `notes`) VALUES
(5, 'ETN-2026-02-001', 13, 2, 7, 0.00, '2026-02-18', '2026-02-28', NULL, 'Ordered', '2026-02-18 00:05:05', '2026-02-18 01:13:18', 'gfdgf', 'COD', 'CASH', 'BCDA - CCTV', 'dsa'),
(6, 'ETN-2026-02-002', 11, 3, 7, 812.00, '2026-02-18', '2026-02-28', NULL, 'Ordered', '2026-02-18 02:12:49', '2026-02-18 02:13:17', 'fffff', 'COD', 'CASH', 'BCDA - CCTV', 'ffff'),
(7, 'ETN-2026-02-003', 12, 2, 7, 12.00, '2026-02-18', '2026-02-21', NULL, 'Draft', '2026-02-18 02:16:46', '2026-02-18 02:16:46', 'fdf', 'COD', 'CASH', 'BCDA - CCA', NULL);

-- --------------------------------------------------------

--
-- Table structure for table `purchase_order_items`
--

CREATE TABLE `purchase_order_items` (
  `id` int(11) NOT NULL,
  `purchase_order_id` int(11) NOT NULL,
  `purchase_request_item_id` int(11) NOT NULL,
  `item_id` int(11) NOT NULL,
  `quantity` int(11) NOT NULL,
  `unit_price` decimal(10,2) NOT NULL,
  `total_price` decimal(10,2) NOT NULL,
  `created_at` timestamp NOT NULL DEFAULT current_timestamp()
) ENGINE=InnoDB DEFAULT CHARSET=utf8mb4 COLLATE=utf8mb4_unicode_ci;

--
-- Dumping data for table `purchase_order_items`
--

INSERT INTO `purchase_order_items` (`id`, `purchase_order_id`, `purchase_request_item_id`, `item_id`, `quantity`, `unit_price`, `total_price`, `created_at`) VALUES
(12, 5, 110, 6, 1, 0.00, 0.00, '2026-02-18 00:05:05'),
(13, 5, 111, 4, 1, 0.00, 0.00, '2026-02-18 00:05:05'),
(14, 5, 112, 2, 1, 0.00, 0.00, '2026-02-18 00:05:05'),
(15, 6, 103, 2, 1, 324.00, 324.00, '2026-02-18 02:12:49'),
(16, 6, 104, 6, 1, 454.00, 454.00, '2026-02-18 02:12:49'),
(17, 6, 105, 4, 1, 34.00, 34.00, '2026-02-18 02:12:49'),
(18, 7, 108, 2, 1, 5.00, 5.00, '2026-02-18 02:16:46'),
(19, 7, 109, 6, 1, 7.00, 7.00, '2026-02-18 02:16:46');

-- --------------------------------------------------------

--
-- Table structure for table `purchase_requests`
--

CREATE TABLE `purchase_requests` (
  `id` int(11) NOT NULL,
  `pr_number` varchar(50) NOT NULL,
  `requested_by` int(11) DEFAULT NULL,
  `purpose` text DEFAULT NULL,
  `remarks` text DEFAULT NULL,
  `date_needed` date DEFAULT NULL,
  `project` varchar(100) DEFAULT NULL,
  `project_address` varchar(255) DEFAULT NULL,
  `status` enum('Draft','Pending','For Procurement Review','For Super Admin Final Approval','On Hold','For Purchase','PO Created','Completed','Rejected','Cancelled') DEFAULT 'Draft',
  `approved_by` int(11) DEFAULT NULL,
  `approved_at` timestamp NULL DEFAULT NULL,
  `rejection_reason` text DEFAULT NULL,
  `total_amount` decimal(12,2) DEFAULT NULL,
  `created_at` timestamp NOT NULL DEFAULT current_timestamp(),
  `updated_at` timestamp NOT NULL DEFAULT current_timestamp() ON UPDATE current_timestamp(),
  `supplier_id` int(11) DEFAULT NULL,
  `supplier_address` varchar(255) DEFAULT NULL
) ENGINE=InnoDB DEFAULT CHARSET=utf8mb4 COLLATE=utf8mb4_unicode_ci;

--
-- Dumping data for table `purchase_requests`
--

INSERT INTO `purchase_requests` (`id`, `pr_number`, `requested_by`, `purpose`, `remarks`, `date_needed`, `project`, `project_address`, `status`, `approved_by`, `approved_at`, `rejection_reason`, `total_amount`, `created_at`, `updated_at`, `supplier_id`, `supplier_address`) VALUES
(11, 'MTN-2026-02-001', 5, 'fdsgffd', NULL, '2026-02-27', 'BCDA - CCTV', 'gfdgd', 'Completed', 8, '2026-02-18 00:04:17', NULL, 812.00, '2026-02-16 06:46:06', '2026-02-18 02:13:17', 2, '456 Business Ave, Quezon City'),
(12, 'MTN-2026-02-002', 5, 'ffffffvbcb', NULL, '2026-02-23', 'BCDA - CCA', 'fdf', 'PO Created', 8, '2026-02-18 00:04:16', NULL, 12.00, '2026-02-16 06:58:59', '2026-02-18 02:16:46', 2, '456 Business Ave, Quezon City'),
(13, 'MTN-2026-02-003', 5, 'gfdgfd', NULL, '2026-02-12', 'BCDA - CCTV', 'gfdgf', 'Completed', 8, '2026-02-18 00:00:20', NULL, 0.00, '2026-02-16 08:29:26', '2026-02-18 01:13:18', 2, '456 Business Ave, Quezon City');

-- --------------------------------------------------------

--
-- Table structure for table `purchase_request_items`
--

CREATE TABLE `purchase_request_items` (
  `id` int(11) NOT NULL,
  `purchase_request_id` int(11) NOT NULL,
  `item_id` int(11) NOT NULL,
  `quantity` int(11) NOT NULL,
  `unit_price` decimal(10,2) DEFAULT 0.00,
  `total_price` decimal(10,2) DEFAULT 0.00,
  `unit` varchar(50) DEFAULT NULL,
  `remarks` text DEFAULT NULL,
  `status` enum('Pending','For Purchase','Purchased','Received') DEFAULT 'Pending',
  `received_by` int(11) DEFAULT NULL,
  `received_at` timestamp NULL DEFAULT NULL,
  `created_at` timestamp NOT NULL DEFAULT current_timestamp()
) ENGINE=InnoDB DEFAULT CHARSET=utf8mb4 COLLATE=utf8mb4_unicode_ci;

--
-- Dumping data for table `purchase_request_items`
--

INSERT INTO `purchase_request_items` (`id`, `purchase_request_id`, `item_id`, `quantity`, `unit_price`, `total_price`, `unit`, `remarks`, `status`, `received_by`, `received_at`, `created_at`) VALUES
(103, 11, 2, 1, 324.00, 324.00, 'reams', NULL, 'Pending', NULL, NULL, '2026-02-16 06:46:06'),
(104, 11, 6, 1, 454.00, 454.00, 'pcs', NULL, 'Pending', NULL, NULL, '2026-02-16 06:46:06'),
(105, 11, 4, 1, 34.00, 34.00, 'pcs', NULL, 'Pending', NULL, NULL, '2026-02-16 06:46:06'),
(108, 12, 2, 1, 5.00, 5.00, 'reams', NULL, 'Pending', NULL, NULL, '2026-02-16 07:02:38'),
(109, 12, 6, 1, 7.00, 7.00, 'pcs', NULL, 'Pending', NULL, NULL, '2026-02-16 07:02:38'),
(110, 13, 6, 1, 0.00, 0.00, 'pcs', NULL, 'Pending', NULL, NULL, '2026-02-16 08:29:26'),
(111, 13, 4, 1, 0.00, 0.00, 'pcs', NULL, 'Pending', NULL, NULL, '2026-02-16 08:29:26'),
(112, 13, 2, 1, 0.00, 0.00, 'reams', NULL, 'Pending', NULL, NULL, '2026-02-16 08:29:26');

-- --------------------------------------------------------

--
-- Table structure for table `suppliers`
--

CREATE TABLE `suppliers` (
  `id` int(11) NOT NULL,
  `supplier_code` varchar(50) NOT NULL,
  `supplier_name` varchar(255) NOT NULL,
  `contact_person` varchar(255) DEFAULT NULL,
  `email` varchar(100) DEFAULT NULL,
  `phone` varchar(20) DEFAULT NULL,
  `address` text DEFAULT NULL,
  `status` enum('Active','Inactive') DEFAULT 'Active',
  `created_at` timestamp NOT NULL DEFAULT current_timestamp(),
  `updated_at` timestamp NOT NULL DEFAULT current_timestamp() ON UPDATE current_timestamp()
) ENGINE=InnoDB DEFAULT CHARSET=utf8mb4 COLLATE=utf8mb4_unicode_ci;

--
-- Dumping data for table `suppliers`
--

INSERT INTO `suppliers` (`id`, `supplier_code`, `supplier_name`, `contact_person`, `email`, `phone`, `address`, `status`, `created_at`, `updated_at`) VALUES
(1, 'SUP001', 'Tech Supplies Inc', 'Robert Wilson', 'robert@techsupplies.com', '09123456789', '123 Main St, Manila', 'Active', '2026-02-09 08:25:53', '2026-02-09 08:25:53'),
(2, 'SUP002', 'Office Depot PH', 'Maria Garcia', 'maria@officedepot.ph', '09234567890', '456 Business Ave, Quezon City', 'Active', '2026-02-09 08:25:53', '2026-02-09 08:25:53'),
(3, 'SUP003', 'Safety First Co', 'David Lee', 'david@safetyfirst.com', '09345678901', '789 Industrial Rd, Makati', 'Active', '2026-02-09 08:25:53', '2026-02-09 08:25:53'),
(4, 'SUP985580', 'Mairah and Co', 'Bianca Mairah', 'ladyshorty05@gmail.com', '+639460926306', 'Sevilla, San Fernando City, La Union, Philippines\nSevilla, La Union', 'Active', '2026-02-10 02:03:05', '2026-02-12 02:40:00');

-- --------------------------------------------------------

--
-- Table structure for table `supplier_items`
--

CREATE TABLE `supplier_items` (
  `id` int(11) NOT NULL,
  `supplier_id` int(11) NOT NULL,
  `item_id` int(11) NOT NULL,
  `price` decimal(10,2) DEFAULT NULL,
  `lead_time_days` int(11) DEFAULT NULL COMMENT 'Estimated delivery time in days',
  `is_preferred` tinyint(1) DEFAULT 0,
  `created_at` timestamp NOT NULL DEFAULT current_timestamp(),
  `updated_at` timestamp NOT NULL DEFAULT current_timestamp() ON UPDATE current_timestamp()
) ENGINE=InnoDB DEFAULT CHARSET=utf8mb4 COLLATE=utf8mb4_unicode_ci;

--
-- Dumping data for table `supplier_items`
--

INSERT INTO `supplier_items` (`id`, `supplier_id`, `item_id`, `price`, `lead_time_days`, `is_preferred`, `created_at`, `updated_at`) VALUES
(1, 1, 1, 45000.00, 7, 0, '2026-02-09 08:25:53', '2026-02-09 08:25:53'),
(2, 1, 4, 8500.00, 3, 0, '2026-02-09 08:25:53', '2026-02-09 08:25:53'),
(3, 2, 2, 280.00, 1, 0, '2026-02-09 08:25:53', '2026-02-09 08:25:53'),
(4, 3, 3, 450.00, 2, 0, '2026-02-09 08:25:53', '2026-02-09 08:25:53');

--
-- Indexes for dumped tables
--

--
-- Indexes for table `categories`
--
ALTER TABLE `categories`
  ADD PRIMARY KEY (`id`),
  ADD UNIQUE KEY `category_name` (`category_name`),
  ADD KEY `created_by` (`created_by`);

--
-- Indexes for table `disbursement_vouchers`
--
ALTER TABLE `disbursement_vouchers`
  ADD PRIMARY KEY (`id`),
  ADD UNIQUE KEY `dv_number` (`dv_number`),
  ADD KEY `purchase_order_id` (`purchase_order_id`),
  ADD KEY `purchase_request_id` (`purchase_request_id`),
  ADD KEY `supplier_id` (`supplier_id`),
  ADD KEY `prepared_by` (`prepared_by`),
  ADD KEY `certified_by_accounting` (`certified_by_accounting`),
  ADD KEY `certified_by_manager` (`certified_by_manager`);

--
-- Indexes for table `employees`
--
ALTER TABLE `employees`
  ADD PRIMARY KEY (`id`),
  ADD UNIQUE KEY `employee_no` (`employee_no`);

--
-- Indexes for table `items`
--
ALTER TABLE `items`
  ADD PRIMARY KEY (`id`),
  ADD UNIQUE KEY `item_code` (`item_code`),
  ADD UNIQUE KEY `item_name` (`item_name`),
  ADD KEY `category_id` (`category_id`),
  ADD KEY `created_by` (`created_by`);

--
-- Indexes for table `notifications`
--
ALTER TABLE `notifications`
  ADD PRIMARY KEY (`id`),
  ADD KEY `recipient_id` (`recipient_id`);

--
-- Indexes for table `po_attachments`
--
ALTER TABLE `po_attachments`
  ADD PRIMARY KEY (`id`),
  ADD KEY `purchase_order_id` (`purchase_order_id`),
  ADD KEY `uploaded_by` (`uploaded_by`);

--
-- Indexes for table `pr_item_rejection_remarks`
--
ALTER TABLE `pr_item_rejection_remarks`
  ADD PRIMARY KEY (`id`),
  ADD KEY `purchase_request_id` (`purchase_request_id`),
  ADD KEY `purchase_request_item_id` (`purchase_request_item_id`),
  ADD KEY `item_id` (`item_id`),
  ADD KEY `created_by` (`created_by`);

--
-- Indexes for table `purchase_orders`
--
ALTER TABLE `purchase_orders`
  ADD PRIMARY KEY (`id`),
  ADD UNIQUE KEY `po_number` (`po_number`),
  ADD KEY `purchase_request_id` (`purchase_request_id`),
  ADD KEY `supplier_id` (`supplier_id`),
  ADD KEY `prepared_by` (`prepared_by`);

--
-- Indexes for table `purchase_order_items`
--
ALTER TABLE `purchase_order_items`
  ADD PRIMARY KEY (`id`),
  ADD KEY `purchase_order_id` (`purchase_order_id`),
  ADD KEY `purchase_request_item_id` (`purchase_request_item_id`),
  ADD KEY `item_id` (`item_id`);

--
-- Indexes for table `purchase_requests`
--
ALTER TABLE `purchase_requests`
  ADD PRIMARY KEY (`id`),
  ADD UNIQUE KEY `pr_number` (`pr_number`),
  ADD KEY `requested_by` (`requested_by`),
  ADD KEY `approved_by` (`approved_by`),
  ADD KEY `supplier_id` (`supplier_id`);

--
-- Indexes for table `purchase_request_items`
--
ALTER TABLE `purchase_request_items`
  ADD PRIMARY KEY (`id`),
  ADD KEY `purchase_request_id` (`purchase_request_id`),
  ADD KEY `item_id` (`item_id`),
  ADD KEY `received_by` (`received_by`);

--
-- Indexes for table `suppliers`
--
ALTER TABLE `suppliers`
  ADD PRIMARY KEY (`id`),
  ADD UNIQUE KEY `supplier_code` (`supplier_code`),
  ADD UNIQUE KEY `email` (`email`);

--
-- Indexes for table `supplier_items`
--
ALTER TABLE `supplier_items`
  ADD PRIMARY KEY (`id`),
  ADD UNIQUE KEY `unique_supplier_item` (`supplier_id`,`item_id`),
  ADD KEY `item_id` (`item_id`);

--
-- AUTO_INCREMENT for dumped tables
--

--
-- AUTO_INCREMENT for table `categories`
--
ALTER TABLE `categories`
  MODIFY `id` int(11) NOT NULL AUTO_INCREMENT, AUTO_INCREMENT=8;

--
-- AUTO_INCREMENT for table `disbursement_vouchers`
--
ALTER TABLE `disbursement_vouchers`
  MODIFY `id` int(11) NOT NULL AUTO_INCREMENT, AUTO_INCREMENT=4;

--
-- AUTO_INCREMENT for table `employees`
--
ALTER TABLE `employees`
  MODIFY `id` int(11) NOT NULL AUTO_INCREMENT, AUTO_INCREMENT=18;

--
-- AUTO_INCREMENT for table `items`
--
ALTER TABLE `items`
  MODIFY `id` int(11) NOT NULL AUTO_INCREMENT, AUTO_INCREMENT=8;

--
-- AUTO_INCREMENT for table `notifications`
--
ALTER TABLE `notifications`
  MODIFY `id` int(11) NOT NULL AUTO_INCREMENT, AUTO_INCREMENT=141;

--
-- AUTO_INCREMENT for table `po_attachments`
--
ALTER TABLE `po_attachments`
  MODIFY `id` int(11) NOT NULL AUTO_INCREMENT, AUTO_INCREMENT=4;

--
-- AUTO_INCREMENT for table `pr_item_rejection_remarks`
--
ALTER TABLE `pr_item_rejection_remarks`
  MODIFY `id` int(11) NOT NULL AUTO_INCREMENT, AUTO_INCREMENT=7;

--
-- AUTO_INCREMENT for table `purchase_orders`
--
ALTER TABLE `purchase_orders`
  MODIFY `id` int(11) NOT NULL AUTO_INCREMENT, AUTO_INCREMENT=8;

--
-- AUTO_INCREMENT for table `purchase_order_items`
--
ALTER TABLE `purchase_order_items`
  MODIFY `id` int(11) NOT NULL AUTO_INCREMENT, AUTO_INCREMENT=20;

--
-- AUTO_INCREMENT for table `purchase_requests`
--
ALTER TABLE `purchase_requests`
  MODIFY `id` int(11) NOT NULL AUTO_INCREMENT, AUTO_INCREMENT=14;

--
-- AUTO_INCREMENT for table `purchase_request_items`
--
ALTER TABLE `purchase_request_items`
  MODIFY `id` int(11) NOT NULL AUTO_INCREMENT, AUTO_INCREMENT=113;

--
-- AUTO_INCREMENT for table `suppliers`
--
ALTER TABLE `suppliers`
  MODIFY `id` int(11) NOT NULL AUTO_INCREMENT, AUTO_INCREMENT=5;

--
-- AUTO_INCREMENT for table `supplier_items`
--
ALTER TABLE `supplier_items`
  MODIFY `id` int(11) NOT NULL AUTO_INCREMENT, AUTO_INCREMENT=5;

--
-- Constraints for dumped tables
--

--
-- Constraints for table `categories`
--
ALTER TABLE `categories`
  ADD CONSTRAINT `categories_ibfk_1` FOREIGN KEY (`created_by`) REFERENCES `employees` (`id`);

--
-- Constraints for table `disbursement_vouchers`
--
ALTER TABLE `disbursement_vouchers`
  ADD CONSTRAINT `disbursement_vouchers_ibfk_1` FOREIGN KEY (`purchase_order_id`) REFERENCES `purchase_orders` (`id`) ON DELETE CASCADE,
  ADD CONSTRAINT `disbursement_vouchers_ibfk_2` FOREIGN KEY (`purchase_request_id`) REFERENCES `purchase_requests` (`id`) ON DELETE CASCADE,
  ADD CONSTRAINT `disbursement_vouchers_ibfk_3` FOREIGN KEY (`supplier_id`) REFERENCES `suppliers` (`id`),
  ADD CONSTRAINT `disbursement_vouchers_ibfk_4` FOREIGN KEY (`prepared_by`) REFERENCES `employees` (`id`),
  ADD CONSTRAINT `disbursement_vouchers_ibfk_5` FOREIGN KEY (`certified_by_accounting`) REFERENCES `employees` (`id`),
  ADD CONSTRAINT `disbursement_vouchers_ibfk_6` FOREIGN KEY (`certified_by_manager`) REFERENCES `employees` (`id`);

--
-- Constraints for table `items`
--
ALTER TABLE `items`
  ADD CONSTRAINT `items_ibfk_1` FOREIGN KEY (`category_id`) REFERENCES `categories` (`id`),
  ADD CONSTRAINT `items_ibfk_2` FOREIGN KEY (`created_by`) REFERENCES `employees` (`id`);

--
-- Constraints for table `notifications`
--
ALTER TABLE `notifications`
  ADD CONSTRAINT `notifications_ibfk_1` FOREIGN KEY (`recipient_id`) REFERENCES `employees` (`id`);

--
-- Constraints for table `po_attachments`
--
ALTER TABLE `po_attachments`
  ADD CONSTRAINT `po_attachments_ibfk_1` FOREIGN KEY (`purchase_order_id`) REFERENCES `purchase_orders` (`id`) ON DELETE CASCADE,
  ADD CONSTRAINT `po_attachments_ibfk_2` FOREIGN KEY (`uploaded_by`) REFERENCES `employees` (`id`);

--
-- Constraints for table `pr_item_rejection_remarks`
--
ALTER TABLE `pr_item_rejection_remarks`
  ADD CONSTRAINT `pr_item_rejection_remarks_ibfk_1` FOREIGN KEY (`purchase_request_id`) REFERENCES `purchase_requests` (`id`) ON DELETE CASCADE,
  ADD CONSTRAINT `pr_item_rejection_remarks_ibfk_2` FOREIGN KEY (`purchase_request_item_id`) REFERENCES `purchase_request_items` (`id`) ON DELETE CASCADE,
  ADD CONSTRAINT `pr_item_rejection_remarks_ibfk_3` FOREIGN KEY (`item_id`) REFERENCES `items` (`id`),
  ADD CONSTRAINT `pr_item_rejection_remarks_ibfk_4` FOREIGN KEY (`created_by`) REFERENCES `employees` (`id`);

--
-- Constraints for table `purchase_orders`
--
ALTER TABLE `purchase_orders`
  ADD CONSTRAINT `purchase_orders_ibfk_1` FOREIGN KEY (`purchase_request_id`) REFERENCES `purchase_requests` (`id`),
  ADD CONSTRAINT `purchase_orders_ibfk_2` FOREIGN KEY (`supplier_id`) REFERENCES `suppliers` (`id`),
  ADD CONSTRAINT `purchase_orders_ibfk_3` FOREIGN KEY (`prepared_by`) REFERENCES `employees` (`id`);

--
-- Constraints for table `purchase_order_items`
--
ALTER TABLE `purchase_order_items`
  ADD CONSTRAINT `purchase_order_items_ibfk_1` FOREIGN KEY (`purchase_order_id`) REFERENCES `purchase_orders` (`id`),
  ADD CONSTRAINT `purchase_order_items_ibfk_2` FOREIGN KEY (`purchase_request_item_id`) REFERENCES `purchase_request_items` (`id`),
  ADD CONSTRAINT `purchase_order_items_ibfk_3` FOREIGN KEY (`item_id`) REFERENCES `items` (`id`);

--
-- Constraints for table `purchase_requests`
--
ALTER TABLE `purchase_requests`
  ADD CONSTRAINT `purchase_requests_ibfk_1` FOREIGN KEY (`requested_by`) REFERENCES `employees` (`id`),
  ADD CONSTRAINT `purchase_requests_ibfk_2` FOREIGN KEY (`approved_by`) REFERENCES `employees` (`id`),
  ADD CONSTRAINT `purchase_requests_ibfk_3` FOREIGN KEY (`supplier_id`) REFERENCES `suppliers` (`id`);

--
-- Constraints for table `supplier_items`
--
ALTER TABLE `supplier_items`
  ADD CONSTRAINT `supplier_items_ibfk_1` FOREIGN KEY (`supplier_id`) REFERENCES `suppliers` (`id`),
  ADD CONSTRAINT `supplier_items_ibfk_2` FOREIGN KEY (`item_id`) REFERENCES `items` (`id`);
COMMIT;

/*!40101 SET CHARACTER_SET_CLIENT=@OLD_CHARACTER_SET_CLIENT */;
/*!40101 SET CHARACTER_SET_RESULTS=@OLD_CHARACTER_SET_RESULTS */;
/*!40101 SET COLLATION_CONNECTION=@OLD_COLLATION_CONNECTION */;
